time,lat,lon,hMSL,velN,velE,velD,hAcc,vAcc,sAcc,heading,cAcc,gpsFix,numSV
,(deg),(deg),(m),(m/s),(m/s),(m/s),(m),(m),(m/s),(deg),(deg),,
2021-08-07T18:31:25.400Z,43.747298,-110.7799624,3766.27,0.12,-0.02,0.19,0.825,0.985,0.22,350.53768,0.97513,,20
2021-08-07T18:31:25.600Z,43.7472984,-110.7799627,3766.198,0.22,0.08,0.38,0.815,0.973,0.21,19.98311,0.47052,,20
2021-08-07T18:31:25.800Z,43.7472992,-110.7799627,3766.061,0.29,0.07,0.35,0.807,0.96,0.18,13.57043,0.3914,,20
2021-08-07T18:31:26.000Z,43.7472998,-110.7799623,3765.941,0.26,0.33,0.45,0.8,0.948,0.19,51.76617,0.30863,,20
2021-08-07T18:31:26.400Z,43.7473013,-110.779961,3765.632,0.49,0.07,1.14,0.796,0.941,0.22,8.1301,0.17702,,20
2021-08-07T18:31:26.600Z,43.7473029,-110.7799606,3765.337,1.05,0.15,1.36,0.79,0.929,0.19,8.1301,0.11016,,20
2021-08-07T18:31:26.800Z,43.747307,-110.7799594,3765.246,3.31,0.81,-0.24,0.782,0.915,0.17,13.75079,0.04976,,20
2021-08-07T18:31:27.000Z,43.7473143,-110.7799572,3765.127,4.58,1.17,0.75,0.774,0.906,0.17,14.33022,0.03552,,20
2021-08-07T18:31:27.200Z,43.7473222,-110.7799546,3764.67,3.97,1.1,3.65,0.767,0.897,0.19,15.48689,0.03452,,20
2021-08-07T18:31:27.400Z,43.7473295,-110.779952,3763.679,3.88,1.1,5.8,0.76,0.889,0.2,15.82831,0.02831,,20
2021-08-07T18:31:27.600Z,43.7473367,-110.7799491,3762.406,3.81,1.25,7.04,0.753,0.88,0.2,18.16384,0.02469,,20
2021-08-07T18:31:27.800Z,43.7473437,-110.7799462,3760.774,3.77,1,9.09,0.747,0.871,0.2,14.85572,0.02022,,20
2021-08-07T18:31:28.000Z,43.7473509,-110.7799435,3758.764,3.95,1.18,10.72,0.743,0.863,0.21,16.63268,0.01828,,20
2021-08-07T18:31:28.200Z,43.7473584,-110.7799404,3756.522,4.09,1.29,12.4,0.739,0.851,0.21,17.50545,0.01601,,20
2021-08-07T18:31:28.400Z,43.747366,-110.7799373,3753.854,4.24,1.3,14.26,0.736,0.841,0.22,17.04574,0.01473,,20
2021-08-07T18:31:28.600Z,43.7473734,-110.7799341,3750.846,3.84,1.3,15.85,0.734,0.832,0.23,18.7031,0.01406,,19
2021-08-07T18:31:28.800Z,43.7473809,-110.7799309,3747.486,4.26,1.34,17.74,0.733,0.822,0.22,17.46118,0.01203,,18
2021-08-07T18:31:29.000Z,43.747389,-110.7799275,3743.766,4.39,1.4,19.47,0.732,0.815,0.22,17.68783,0.011,,18
2021-08-07T18:31:29.200Z,43.7473978,-110.7799235,3739.713,5.11,1.87,20.79,0.732,0.81,0.22,20.10005,0.01024,,18
2021-08-07T18:31:29.400Z,43.7474079,-110.779918,3735.398,6.03,2.48,22.1,0.734,0.807,0.23,22.35624,0.00998,,18
2021-08-07T18:31:29.600Z,43.7474193,-110.7799103,3730.837,6.73,3.66,23.13,0.739,0.807,0.25,28.53883,0.01026,,18
2021-08-07T18:31:29.800Z,43.7474319,-110.7798997,3726.073,7.46,4.79,24.09,0.745,0.809,0.26,32.70416,0.01013,,18
2021-08-07T18:31:30.000Z,43.7474457,-110.7798862,3721.146,8.2,5.98,24.92,0.754,0.812,0.27,36.10209,0.01003,,18
2021-08-07T18:31:30.200Z,43.747461,-110.77987,3716.05,9.07,7.02,25.74,0.764,0.816,0.27,37.73916,0.00958,,18
2021-08-07T18:31:30.400Z,43.7474781,-110.7798508,3710.833,9.83,8.27,26.53,0.776,0.821,0.3,40.07397,0.01018,,17
2021-08-07T18:31:30.600Z,43.7474966,-110.7798283,3705.494,10.75,9.74,26.93,0.79,0.827,0.3,42.17804,0.00981,,17
2021-08-07T18:31:30.800Z,43.7475162,-110.7798022,3700.049,11.19,11.18,27.37,0.805,0.834,0.31,44.97439,0.00981,,17
2021-08-07T18:31:31.000Z,43.7475374,-110.7797722,3694.568,11.89,12.88,27.86,0.824,0.843,0.35,47.28876,0.01063,,16
2021-08-07T18:31:31.200Z,43.7475593,-110.7797384,3688.942,12.34,14.22,28.43,0.847,0.853,0.35,49.04882,0.01026,,16
2021-08-07T18:31:31.400Z,43.7475821,-110.7797006,3683.288,12.4,16,28.82,0.868,0.862,0.34,52.22432,0.00965,,15
2021-08-07T18:31:31.600Z,43.7476049,-110.7796584,3677.594,12.45,17.79,28.86,0.884,0.87,0.32,55.01446,0.00886,,15
2021-08-07T18:31:31.800Z,43.7476276,-110.7796122,3671.815,12.52,19.23,29.24,0.9,0.877,0.32,56.93322,0.00861,,15
2021-08-07T18:31:32.000Z,43.7476505,-110.7795626,3665.975,12.58,20.64,29.58,0.916,0.885,0.33,58.63785,0.00864,,15
2021-08-07T18:31:32.200Z,43.7476733,-110.7795094,3660.023,12.73,22.04,30.02,0.932,0.893,0.33,59.98986,0.00838,,15
2021-08-07T18:31:32.400Z,43.7476954,-110.7794526,3653.969,12.03,23.52,30.45,0.944,0.899,0.32,62.91118,0.00794,,14
2021-08-07T18:31:32.600Z,43.7477161,-110.7793918,3647.898,11.02,25.04,30.7,0.954,0.901,0.31,66.2459,0.00754,,14
2021-08-07T18:31:32.800Z,43.7477349,-110.7793271,3641.788,10.07,26.68,30.69,0.966,0.905,0.3,69.32167,0.00716,,14
2021-08-07T18:31:33.000Z,43.747752,-110.7792589,3635.654,9.02,28.02,31.08,0.978,0.908,0.29,72.15596,0.00677,,14
2021-08-07T18:31:33.200Z,43.747767,-110.7791876,3629.458,7.8,29.27,31.34,0.989,0.911,0.28,75.07833,0.00642,,14
2021-08-07T18:31:33.400Z,43.7477799,-110.7791131,3623.191,6.7,30.52,31.7,0.999,0.914,0.27,77.61837,0.00607,,14
2021-08-07T18:31:33.600Z,43.7477909,-110.7790358,3616.802,5.82,31.61,32.09,1.007,0.917,0.27,79.5676,0.00594,,14
2021-08-07T18:31:33.800Z,43.7478005,-110.7789562,3610.316,5.13,32.43,32.66,1.016,0.921,0.28,81.01104,0.00605,,15
2021-08-07T18:31:34.000Z,43.747809,-110.7788751,3603.67,4.71,32.69,33.48,1.022,0.925,0.27,81.8012,0.00574,,15
2021-08-07T18:31:34.200Z,43.747817,-110.7787933,3596.873,4.06,33.22,34.37,1.025,0.928,0.24,83.03212,0.005,,15
2021-08-07T18:31:34.400Z,43.7478239,-110.7787103,3589.93,3.21,33.91,34.7,1.025,0.93,0.24,84.59236,0.00494,,15
2021-08-07T18:31:34.600Z,43.7478285,-110.7786259,3582.923,1.49,34.37,35.47,1.028,0.935,0.25,87.51768,0.00506,,15
2021-08-07T18:31:34.800Z,43.7478304,-110.7785404,3575.82,0.31,34.76,35.81,1.032,0.939,0.25,89.48903,0.00501,,15
2021-08-07T18:31:35.000Z,43.7478295,-110.7784536,3568.608,-1.32,35.37,36.15,1.033,0.941,0.24,92.13727,0.00474,,15
2021-08-07T18:31:35.200Z,43.7478256,-110.7783652,3561.296,-2.79,35.97,36.44,1.033,0.943,0.25,94.43525,0.00488,,15
2021-08-07T18:31:35.400Z,43.7478191,-110.7782759,3553.918,-4.06,36.28,36.75,1.032,0.946,0.25,96.38525,0.00483,,15
2021-08-07T18:31:35.600Z,43.7478113,-110.7781857,3546.512,-4.84,36.61,37.31,1.034,0.95,0.25,97.53108,0.00476,,15
2021-08-07T18:31:35.800Z,43.7478017,-110.7780943,3539.019,-5.8,37.14,37.4,1.038,0.955,0.27,98.87595,0.00509,,15
2021-08-07T18:31:36.000Z,43.7477906,-110.7780018,3531.455,-6.38,37.57,37.76,1.042,0.959,0.27,99.63782,0.00503,,15
2021-08-07T18:31:36.200Z,43.7477785,-110.7779077,3523.842,-6.8,38.27,38.07,1.048,0.966,0.3,100.07544,0.00551,,15
2021-08-07T18:31:36.400Z,43.7477663,-110.7778124,3516.191,-6.74,38.58,38.48,1.055,0.973,0.32,99.90967,0.00583,,15
2021-08-07T18:31:36.600Z,43.747754,-110.7777159,3508.435,-6.75,39.16,38.99,1.063,0.98,0.32,99.77996,0.00575,,15
2021-08-07T18:31:36.800Z,43.7477424,-110.777618,3500.637,-6.28,39.71,39.16,1.067,0.988,0.32,98.9867,0.0057,,15
2021-08-07T18:31:37.000Z,43.7477315,-110.7775186,3492.804,-6.07,40.4,39.33,1.072,0.997,0.32,98.54464,0.00564,,15
2021-08-07T18:31:37.200Z,43.7477213,-110.7774174,3484.915,-5.3,41.06,39.49,1.079,1.007,0.33,97.35504,0.00577,,15
2021-08-07T18:31:37.400Z,43.7477127,-110.7773145,3477.024,-4.13,41.85,39.35,1.088,1.016,0.31,95.63603,0.00538,,15
2021-08-07T18:31:37.600Z,43.7477059,-110.7772102,3469.118,-3.33,42.12,39.53,1.096,1.027,0.31,94.52039,0.00536,,15
2021-08-07T18:31:37.800Z,43.7477012,-110.7771051,3461.159,-1.87,42.4,40.04,1.101,1.036,0.29,92.52532,0.00497,,14
2021-08-07T18:31:38.000Z,43.7476994,-110.7769994,3453.087,-0.29,42.82,40.38,1.106,1.045,0.29,90.38803,0.00493,,13
2021-08-07T18:31:38.200Z,43.7477002,-110.7768928,3445.004,1.21,43.11,40.27,1.112,1.055,0.29,88.39226,0.00491,,13
2021-08-07T18:31:38.400Z,43.7477036,-110.7767856,3436.867,2.52,43.58,40.42,1.118,1.063,0.29,86.69057,0.00487,,13
2021-08-07T18:31:38.600Z,43.7477091,-110.7766772,3428.796,3.59,43.87,40.39,1.125,1.073,0.3,85.32176,0.00502,,13
2021-08-07T18:31:38.800Z,43.7477165,-110.7765677,3420.709,4.62,44.45,40.26,1.137,1.088,0.32,84.06615,0.00532,,13
2021-08-07T18:31:39.000Z,43.7477247,-110.7764564,3412.725,4.72,45.28,39.53,1.152,1.102,0.31,84.04896,0.00514,,12
2021-08-07T18:31:39.200Z,43.7477327,-110.7763427,3404.975,4.55,46.21,38.44,1.164,1.111,0.29,84.37658,0.00481,,12
2021-08-07T18:31:39.400Z,43.7477389,-110.7762268,3397.403,2.94,47.45,37.28,1.172,1.114,0.27,86.45449,0.00447,,12
2021-08-07T18:31:39.600Z,43.7477425,-110.7761082,3390.119,1.47,48.18,35.57,1.176,1.116,0.25,88.25241,0.00417,,11
2021-08-07T18:31:39.800Z,43.747743,-110.7759887,3383.115,-0.6,48.65,34.47,1.181,1.117,0.25,90.70659,0.00419,,11
2021-08-07T18:31:40.000Z,43.7477401,-110.7758687,3376.189,-2.33,48.82,34,1.182,1.113,0.23,92.73244,0.00386,,11
2021-08-07T18:31:40.200Z,43.747735,-110.7757476,3369.491,-3.4,48.9,33.78,1.185,1.111,0.24,93.97735,0.00403,,11
2021-08-07T18:31:40.400Z,43.7477263,-110.7756265,3362.772,-5.92,48.83,33.54,1.19,1.111,0.25,96.91263,0.0042,,11
2021-08-07T18:31:40.600Z,43.7477135,-110.7755058,3356.126,-8.19,48.67,33.23,1.194,1.111,0.27,99.55202,0.00454,,11
2021-08-07T18:31:40.800Z,43.7476971,-110.7753859,3349.489,-10.03,48.26,32.99,1.197,1.112,0.29,101.74079,0.00489,,12
2021-08-07T18:31:41.000Z,43.7476774,-110.7752667,3342.92,-12.27,47.91,32.93,1.2,1.113,0.3,104.36499,0.00505,,12
2021-08-07T18:31:41.200Z,43.7476538,-110.7751487,3336.339,-13.95,47.33,32.59,1.201,1.115,0.31,106.4223,0.00524,,12
2021-08-07T18:31:41.400Z,43.7476274,-110.7750316,3329.824,-15.61,47.12,32.39,1.204,1.119,0.35,108.3291,0.00591,,12
2021-08-07T18:31:41.600Z,43.7475981,-110.7749151,3323.418,-17.05,46.91,31.96,1.206,1.121,0.33,109.97428,0.00557,,12
2021-08-07T18:31:41.800Z,43.7475666,-110.7747985,3317.122,-18.13,47.07,31.25,1.205,1.122,0.31,111.06524,0.00522,,13
2021-08-07T18:31:42.000Z,43.7475335,-110.7746815,3311.021,-18.89,47.19,30.5,1.202,1.122,0.32,111.81606,0.0054,,13
2021-08-07T18:31:42.200Z,43.7474988,-110.7745644,3305.051,-19.52,47.46,29.28,1.196,1.122,0.3,112.35706,0.00508,,13
2021-08-07T18:31:42.400Z,43.7474635,-110.774446,3299.412,-19.75,47.9,28.2,1.192,1.124,0.33,112.4072,0.00559,,13
2021-08-07T18:31:42.600Z,43.7474277,-110.7743271,3293.903,-19.7,48.07,27.5,1.187,1.123,0.3,112.28475,0.0051,,13
2021-08-07T18:31:42.800Z,43.7473921,-110.774208,3288.524,-19.79,48.16,26.53,1.183,1.125,0.29,112.33884,0.00496,,13
2021-08-07T18:31:43.000Z,43.7473567,-110.7740878,3283.38,-19.64,48.65,25.74,1.179,1.126,0.29,111.98392,0.00496,,13
2021-08-07T18:31:43.200Z,43.7473218,-110.7739669,3278.39,-19.23,48.82,24.77,1.177,1.13,0.3,111.49928,0.00517,,13
2021-08-07T18:31:43.400Z,43.7472879,-110.7738455,3273.543,-18.8,49.21,24.17,1.173,1.133,0.28,110.90867,0.00483,,13
2021-08-07T18:31:43.600Z,43.7472547,-110.7737237,3268.8,-18.19,49.35,23.31,1.167,1.134,0.24,110.23347,0.00417,,13
2021-08-07T18:31:43.800Z,43.7472225,-110.7736008,3264.202,-17.42,49.65,22.77,1.165,1.14,0.32,109.33373,0.00558,,13
2021-08-07T18:31:44.000Z,43.7471919,-110.7734769,3259.675,-16.49,49.88,22.48,1.166,1.147,0.34,108.29355,0.00595,,13
2021-08-07T18:31:44.200Z,43.7471625,-110.7733526,3255.2,-15.8,49.96,22.33,1.161,1.151,0.33,107.54972,0.00579,,13
2021-08-07T18:31:44.400Z,43.7471349,-110.7732286,3250.754,-14.85,49.96,22.31,1.158,1.155,0.33,106.55394,0.00582,,13
2021-08-07T18:31:44.600Z,43.7471083,-110.7731042,3246.35,-14.45,50.26,21.78,1.156,1.161,0.34,106.04021,0.006,,13
2021-08-07T18:31:44.800Z,43.7470825,-110.7729793,3242.039,-13.95,50.49,21.33,1.157,1.171,0.34,105.44507,0.00601,,13
2021-08-07T18:31:45.000Z,43.7470572,-110.7728548,3237.737,-13.9,50.21,21.31,1.161,1.181,0.37,105.47407,0.00657,,13
2021-08-07T18:31:45.200Z,43.7470322,-110.7727306,3233.485,-13.9,50.26,21.08,1.164,1.186,0.34,105.45942,0.00604,,13
2021-08-07T18:31:45.400Z,43.7470066,-110.7726066,3229.317,-14.38,50.12,20.72,1.161,1.181,0.28,106.00879,0.00499,,14
2021-08-07T18:31:45.600Z,43.7469799,-110.7724826,3225.297,-15.33,49.63,20.21,1.153,1.174,0.25,107.16517,0.00449,,14
2021-08-07T18:31:45.800Z,43.7469514,-110.7723599,3221.372,-16.21,49.55,19.5,1.145,1.167,0.22,108.11521,0.00395,,14
2021-08-07T18:31:46.000Z,43.746922,-110.7722377,3217.515,-16.75,48.98,19.22,1.137,1.162,0.23,108.87947,0.00417,,15
2021-08-07T18:31:46.200Z,43.7468913,-110.7721168,3213.709,-17.27,48.83,19.01,1.129,1.156,0.22,109.47747,0.00399,,15
2021-08-07T18:31:46.400Z,43.7468599,-110.7719963,3209.956,-17.87,48.52,18.85,1.121,1.149,0.23,110.21884,0.00418,,15
2021-08-07T18:31:46.600Z,43.746827,-110.7718773,3206.238,-18.61,48.03,18.46,1.113,1.142,0.23,111.17966,0.0042,,15
2021-08-07T18:31:46.800Z,43.7467928,-110.7717593,3202.638,-19.54,47.38,17.66,1.104,1.135,0.24,112.41176,0.00443,,15
2021-08-07T18:31:47.000Z,43.7467568,-110.7716434,3199.118,-20.7,46.91,17.13,1.096,1.127,0.24,113.81045,0.00444,,15
2021-08-07T18:31:47.200Z,43.7467187,-110.7715283,3195.762,-21.96,46.11,16.7,1.086,1.119,0.24,115.46624,0.00447,,15
2021-08-07T18:31:47.400Z,43.7466777,-110.771415,3192.516,-23.4,45.35,16.09,1.076,1.11,0.24,117.29314,0.00449,,15
2021-08-07T18:31:47.600Z,43.7466337,-110.7713042,3189.29,-24.66,44.24,15.79,1.064,1.1,0.24,119.13591,0.00452,,15
2021-08-07T18:31:47.800Z,43.7465876,-110.7711968,3186.062,-26.21,42.89,15.71,1.056,1.094,0.24,121.42903,0.00456,,15
2021-08-07T18:31:48.000Z,43.7465391,-110.7710922,3182.896,-27.88,41.48,15.83,1.051,1.091,0.25,123.90628,0.00477,,15
2021-08-07T18:31:48.200Z,43.7464878,-110.7709912,3179.68,-29.19,40.17,16.08,1.047,1.09,0.25,126.00447,0.00479,,15
2021-08-07T18:31:48.400Z,43.7464342,-110.7708941,3176.371,-30.4,38.64,16.33,1.042,1.088,0.25,128.19388,0.00483,,15
2021-08-07T18:31:48.600Z,43.7463785,-110.7707996,3173.084,-31.51,37.71,16.39,1.036,1.085,0.23,129.8817,0.00444,,15
2021-08-07T18:31:48.800Z,43.7463213,-110.7707073,3169.752,-32.24,36.94,16.6,1.03,1.082,0.23,131.11337,0.00444,,15
2021-08-07T18:31:49.000Z,43.746263,-110.7706174,3166.402,-32.72,36.09,16.47,1.018,1.074,0.23,132.19615,0.00447,,15
2021-08-07T18:31:49.200Z,43.7462039,-110.7705286,3163.053,-33.09,35.91,16.9,1.007,1.067,0.22,132.65965,0.00426,,15
2021-08-07T18:31:49.400Z,43.7461444,-110.7704405,3159.708,-33.26,35.52,16.71,0.996,1.06,0.22,133.11803,0.00428,,15
2021-08-07T18:31:49.600Z,43.7460848,-110.7703531,3156.366,-33.22,35.37,16.33,0.985,1.052,0.22,133.20461,0.0043,,15
2021-08-07T18:31:49.800Z,43.7460254,-110.7702653,3153.053,-32.91,35.4,16.75,0.987,1.057,0.46,132.91241,0.00899,,15
2021-08-07T18:31:50.000Z,43.7459665,-110.7701775,3149.665,-32.67,35.42,17.03,0.995,1.064,0.47,132.68721,0.0092,,15
2021-08-07T18:31:50.200Z,43.7459083,-110.7700897,3146.223,-32.27,35.61,17.17,0.992,1.058,0.28,132.18306,0.00549,,15
2021-08-07T18:31:50.400Z,43.7458505,-110.7700014,3142.773,-31.95,35.78,16.93,0.983,1.051,0.25,131.76348,0.00491,,16
2021-08-07T18:31:50.600Z,43.7457932,-110.7699131,3139.377,-31.78,35.75,16.75,0.974,1.046,0.25,131.63553,0.00493,,16
2021-08-07T18:31:50.800Z,43.745736,-110.7698243,3135.987,-31.74,35.96,16.97,0.965,1.04,0.26,131.43315,0.00511,,16
2021-08-07T18:31:51.000Z,43.7456787,-110.7697359,3132.526,-31.35,35.79,16.6,0.96,1.038,0.25,131.21651,0.00496,,17
2021-08-07T18:31:51.200Z,43.7456215,-110.7696477,3129.047,-31.3,35.88,16.59,1.272,1.382,0.24,131.09989,0.00476,,17
2021-08-07T18:31:51.400Z,43.7455647,-110.769559,3125.587,-30.94,36.01,16.6,1.475,1.608,0.23,130.66936,0.00457,,17
2021-08-07T18:31:51.600Z,43.7455086,-110.76947,3122.103,-30.6,36.13,16.61,1.572,1.719,0.23,130.26265,0.00458,,17
2021-08-07T18:31:51.800Z,43.7454529,-110.7693808,3118.608,-30.42,36.19,16.84,1.624,1.782,0.23,130.04919,0.00458,,17
2021-08-07T18:31:52.000Z,43.7453977,-110.7692915,3115.1,-30.16,36.15,16.78,1.687,1.858,0.23,129.83829,0.0046,,17
2021-08-07T18:31:52.200Z,43.7453429,-110.769202,3111.598,-29.91,36.3,17.03,1.732,1.914,0.23,129.48739,0.0046,,17
2021-08-07T18:31:52.400Z,43.7452886,-110.7691121,3108.055,-29.74,36.43,17.26,1.745,1.934,0.23,129.22683,0.00459,,17
2021-08-07T18:31:52.600Z,43.7452348,-110.769022,3104.463,-29.49,36.47,17.46,1.747,1.943,0.23,128.95934,0.0046,,17
2021-08-07T18:31:52.800Z,43.7451814,-110.7689318,3100.829,-29.27,36.46,17.77,1.753,1.955,0.23,128.75741,0.0046,,17
2021-08-07T18:31:53.000Z,43.7451282,-110.7688415,3097.141,-29.17,36.56,17.99,1.749,1.956,0.23,128.58519,0.00459,,17
2021-08-07T18:31:53.200Z,43.7450752,-110.768751,3093.429,-29.02,36.56,18.2,1.743,1.954,0.23,128.44127,0.00459,,17
2021-08-07T18:31:53.400Z,43.7450225,-110.7686604,3089.694,-28.93,36.59,18.24,1.726,1.941,0.23,128.33177,0.00459,,17
2021-08-07T18:31:53.600Z,43.7449701,-110.7685698,3085.953,-28.8,36.7,18.25,1.711,1.929,0.23,128.12274,0.00459,,17
2021-08-07T18:31:53.800Z,43.7449179,-110.7684788,3082.204,-28.68,36.78,18.25,1.698,1.918,0.23,127.94609,0.00459,,17
2021-08-07T18:31:54.000Z,43.7448661,-110.7683877,3078.45,-28.51,36.84,18.49,1.685,1.909,0.24,127.73582,0.00479,,17
2021-08-07T18:31:54.200Z,43.7448146,-110.7682963,3074.648,-28.26,36.95,18.56,1.683,1.911,0.23,127.40939,0.00459,,17
2021-08-07T18:31:54.400Z,43.7447636,-110.7682046,3070.854,-27.99,37.12,18.59,1.679,1.913,0.23,127.01779,0.00459,,17
2021-08-07T18:31:54.600Z,43.7447133,-110.7681122,3067.043,-27.56,37.38,18.8,1.638,1.874,0.23,126.40108,0.00459,,17
2021-08-07T18:31:54.800Z,43.7446641,-110.7680189,3063.272,-27.13,37.75,18.89,1.486,1.707,0.23,125.70388,0.00458,,17
2021-08-07T18:31:55.000Z,43.7446158,-110.7679247,3059.503,-26.48,38.13,18.74,1.348,1.555,0.23,124.77868,0.00459,,17
2021-08-07T18:31:55.200Z,43.7445689,-110.7678297,3055.748,-25.69,38.61,18.77,1.23,1.426,0.23,123.63867,0.0046,,17
2021-08-07T18:31:55.400Z,43.7445234,-110.7677333,3051.974,-24.87,39.06,18.87,1.122,1.309,0.23,122.48543,0.0046,,17
2021-08-07T18:31:55.600Z,43.7444795,-110.7676355,3048.145,-23.94,39.68,19.12,1.025,1.203,0.23,121.1037,0.00459,,17
2021-08-07T18:31:55.800Z,43.7444372,-110.7675362,3044.294,-23.09,40.13,19.26,0.905,1.069,0.23,119.91526,0.00459,,17
2021-08-07T18:31:56.000Z,43.7443965,-110.7674359,3040.442,-22.29,40.54,19.38,0.818,0.972,0.23,118.8032,0.00459,,17
2021-08-07T18:31:56.200Z,43.7443571,-110.7673347,3036.537,-21.63,40.86,19.37,0.816,0.976,0.23,117.89534,0.00459,,17
2021-08-07T18:31:56.400Z,43.7443189,-110.767233,3032.606,-20.88,41.01,20,0.815,0.98,0.23,116.98265,0.00458,,17
2021-08-07T18:31:56.600Z,43.7442821,-110.7671307,3028.554,-20.14,41.3,20.57,0.814,0.985,0.23,115.99624,0.00457,,17
2021-08-07T18:31:56.800Z,43.7442468,-110.7670275,3024.381,-19.21,41.69,21.12,0.812,0.988,0.22,114.7394,0.00435,,17
2021-08-07T18:31:57.000Z,43.7442132,-110.7669235,3020.09,-18.31,42.04,21.56,0.81,0.992,0.23,113.53494,0.00454,,17
2021-08-07T18:31:57.200Z,43.7441812,-110.7668185,3015.682,-17.37,42.43,22.07,0.808,0.994,0.22,112.26322,0.00432,,17
2021-08-07T18:31:57.400Z,43.744151,-110.7667127,3011.185,-16.35,42.7,22.56,0.805,0.996,0.22,110.95204,0.00431,,17
2021-08-07T18:31:57.600Z,43.7441226,-110.7666061,3006.596,-15.38,43.1,22.99,0.803,0.998,0.22,109.63866,0.0043,,16
2021-08-07T18:31:57.800Z,43.744096,-110.7664986,3001.934,-14.39,43.43,23.25,0.801,1,0.22,108.33198,0.00429,,17
2021-08-07T18:31:58.000Z,43.7440711,-110.7663905,2997.191,-13.42,43.71,23.64,0.8,1.003,0.24,107.06772,0.00466,,17
2021-08-07T18:31:58.200Z,43.7440478,-110.7662816,2992.399,-12.63,44.03,24.02,0.799,1.006,0.24,106.00553,0.00464,,17
2021-08-07T18:31:58.400Z,43.744026,-110.766172,2987.513,-11.81,44.35,24.24,0.799,1.009,0.24,104.91131,0.00462,,17
2021-08-07T18:31:58.600Z,43.7440055,-110.7660617,2982.612,-11.16,44.57,24.6,0.799,1.012,0.26,104.05741,0.00499,,17
2021-08-07T18:31:58.800Z,43.7439861,-110.7659508,2977.636,-10.6,44.89,24.79,0.8,1.016,0.26,103.28604,0.00497,,17
2021-08-07T18:31:59.000Z,43.7439677,-110.7658391,2972.661,-10.02,45.12,24.83,0.8,1.019,0.25,102.52074,0.00476,,17
2021-08-07T18:31:59.200Z,43.7439503,-110.7657269,2967.667,-9.57,45.38,24.72,0.8,1.023,0.25,101.90838,0.00476,,17
2021-08-07T18:31:59.400Z,43.7439335,-110.7656138,2962.667,-9.25,45.77,24.95,0.8,1.026,0.25,101.42544,0.00472,,17
2021-08-07T18:31:59.600Z,43.7439173,-110.7655,2957.621,-8.91,46,25.17,0.8,1.028,0.23,100.9622,0.00432,,17
2021-08-07T18:31:59.800Z,43.7439019,-110.7653856,2952.553,-8.38,46.19,25.39,0.801,1.03,0.24,100.28301,0.0045,,17
2021-08-07T18:32:00.000Z,43.7438869,-110.7652709,2947.448,-8.23,46.28,25.58,0.8,1.027,0.21,100.08353,0.00392,,17
2021-08-07T18:32:00.200Z,43.7438725,-110.765156,2942.286,-7.9,46.44,25.72,0.799,1.024,0.21,99.65428,0.00391,,17
2021-08-07T18:32:00.400Z,43.7438585,-110.7650407,2937.181,-7.65,46.6,25.7,0.799,1.022,0.23,99.3227,0.00428,,17
2021-08-07T18:32:00.600Z,43.7438452,-110.7649249,2932.004,-7.24,46.83,25.73,0.805,1.032,0.39,98.78845,0.00723,,17
2021-08-07T18:32:00.800Z,43.7438327,-110.7648083,2926.85,-6.85,47.28,25.55,0.817,1.045,0.42,98.24374,0.00775,,17
2021-08-07T18:32:01.000Z,43.7438207,-110.7646905,2921.77,-6.59,47.63,25.28,0.831,1.058,0.43,97.87733,0.00792,,17
2021-08-07T18:32:01.200Z,43.743809,-110.764572,2916.761,-6.38,47.88,25,0.845,1.073,0.42,97.58994,0.00772,,17
2021-08-07T18:32:01.400Z,43.7437978,-110.7644531,2911.772,-6.22,47.98,24.86,0.859,1.089,0.43,97.38648,0.00791,,17
2021-08-07T18:32:01.600Z,43.7437867,-110.7643336,2906.848,-6.08,48.22,24.7,0.874,1.106,0.43,97.18643,0.00789,,17
2021-08-07T18:32:01.800Z,43.743776,-110.7642137,2901.935,-5.92,48.4,24.5,0.889,1.123,0.45,96.97344,0.00825,,17
2021-08-07T18:32:02.000Z,43.7437656,-110.7640935,2897.023,-5.78,48.56,24.42,0.903,1.14,0.44,96.78787,0.00805,,17
2021-08-07T18:32:02.200Z,43.7437556,-110.763973,2892.092,-5.63,48.58,24.52,0.906,1.138,0.25,96.61059,0.00457,,16
2021-08-07T18:32:02.400Z,43.7437457,-110.7638522,2887.176,-5.49,48.73,24.69,0.903,1.135,0.24,96.42793,0.00437,,16
2021-08-07T18:32:02.600Z,43.7437362,-110.763731,2882.228,-5.28,48.92,24.52,0.901,1.135,0.24,96.16016,0.00437,,16
2021-08-07T18:32:02.800Z,43.7437271,-110.7636096,2877.284,-5.04,49.01,24.42,0.9,1.135,0.24,95.87144,0.00436,,16
2021-08-07T18:32:03.000Z,43.7437186,-110.7634881,2872.361,-4.66,49.02,24.52,0.898,1.135,0.24,95.4304,0.00436,,16
2021-08-07T18:32:03.200Z,43.7437108,-110.7633664,2867.409,-4.19,49.08,24.76,0.897,1.137,0.24,94.87956,0.00435,,16
2021-08-07T18:32:03.400Z,43.7437038,-110.7632445,2862.44,-3.71,49.22,24.81,0.896,1.139,0.24,94.31057,0.00434,,16
2021-08-07T18:32:03.600Z,43.743698,-110.7631224,2857.438,-2.82,49.22,24.9,0.896,1.142,0.25,93.27911,0.00453,,16
2021-08-07T18:32:03.800Z,43.743694,-110.7630004,2852.397,-1.74,49.07,25.33,0.896,1.142,0.25,92.03083,0.00452,,16
2021-08-07T18:32:04.000Z,43.7436922,-110.7628787,2847.31,-0.43,49.05,25.38,0.896,1.145,0.25,90.50227,0.00453,,16
2021-08-07T18:32:04.200Z,43.7436926,-110.762757,2842.22,0.84,49.03,25.48,0.896,1.147,0.25,89.01848,0.00452,,16
2021-08-07T18:32:04.400Z,43.7436955,-110.7626356,2837.055,2,48.95,25.73,0.896,1.149,0.25,87.66031,0.00452,,16
2021-08-07T18:32:04.600Z,43.7437005,-110.7625145,2831.829,3.21,48.85,25.88,0.897,1.15,0.25,86.24042,0.00451,,16
2021-08-07T18:32:04.800Z,43.7437074,-110.7623936,2826.602,4.24,48.66,26.04,0.897,1.152,0.25,85.0201,0.00452,,16
2021-08-07T18:32:05.000Z,43.743716,-110.7622732,2821.344,5.17,48.54,26.13,0.897,1.155,0.25,83.92034,0.00452,,16
2021-08-07T18:32:05.200Z,43.7437262,-110.7621528,2816.119,5.85,48.62,25.69,0.897,1.157,0.24,83.1391,0.00434,,16
2021-08-07T18:32:05.400Z,43.7437375,-110.7620323,2810.999,6.52,48.56,25.27,0.897,1.159,0.25,82.35281,0.00453,,16
2021-08-07T18:32:05.600Z,43.7437497,-110.7619118,2805.88,6.74,48.76,25.23,0.898,1.163,0.25,82.12999,0.00452,,16
2021-08-07T18:32:05.800Z,43.743762,-110.7617908,2800.829,6.86,48.68,25.17,0.899,1.167,0.25,81.97868,0.00453,,16
2021-08-07T18:32:06.000Z,43.7437746,-110.7616699,2795.832,7.06,48.8,24.85,0.901,1.171,0.25,81.76801,0.00453,,16
2021-08-07T18:32:06.200Z,43.7437875,-110.7615487,2790.877,7.12,48.91,24.56,0.901,1.174,0.24,81.71743,0.00435,,16
2021-08-07T18:32:06.400Z,43.7438002,-110.7614273,2785.981,6.82,48.94,24.11,0.9,1.175,0.23,82.06668,0.00418,,16
2021-08-07T18:32:06.600Z,43.7438122,-110.7613058,2781.096,6.19,49.17,23.94,0.899,1.177,0.23,82.82479,0.00418,,16
2021-08-07T18:32:06.800Z,43.7438227,-110.761184,2776.26,5.59,49.16,24.12,0.898,1.177,0.24,83.51274,0.00436,,16
2021-08-07T18:32:07.000Z,43.7438321,-110.7610622,2771.413,4.74,49.15,23.94,0.898,1.178,0.25,84.49146,0.00456,,15
2021-08-07T18:32:07.200Z,43.7438398,-110.7609403,2766.595,3.75,49.22,23.87,0.897,1.176,0.27,85.64314,0.00492,,16
2021-08-07T18:32:07.400Z,43.7438451,-110.7608179,2761.911,2.54,49.35,23.78,0.894,1.169,0.27,87.05364,0.00492,,16
2021-08-07T18:32:07.600Z,43.7438485,-110.7606954,2757.159,1.4,49.3,23.95,0.886,1.156,0.24,88.37338,0.00438,,16
2021-08-07T18:32:07.800Z,43.7438499,-110.7605732,2752.361,0.35,49.21,24.29,0.88,1.143,0.27,89.5925,0.00492,,16
2021-08-07T18:32:08.000Z,43.7438494,-110.7604514,2747.533,-0.92,49.09,24.17,0.875,1.129,0.26,91.07366,0.00475,,16
2021-08-07T18:32:08.200Z,43.7438466,-110.7603298,2742.705,-2.11,49.02,24.1,0.872,1.119,0.27,92.4647,0.00494,,16
2021-08-07T18:32:08.400Z,43.7438422,-110.7602084,2737.872,-2.92,48.88,24.09,0.868,1.109,0.27,93.41868,0.00495,,16
2021-08-07T18:32:08.600Z,43.7438366,-110.7600871,2733.043,-3.55,48.88,24.11,0.867,1.104,0.27,94.15392,0.00494,,16
2021-08-07T18:32:08.800Z,43.7438297,-110.7599662,2728.231,-4.22,48.62,24.02,0.865,1.098,0.27,94.96059,0.00496,,16
2021-08-07T18:32:09.000Z,43.7438215,-110.7598455,2723.447,-4.91,48.72,23.63,0.864,1.093,0.27,95.75484,0.00497,,16
2021-08-07T18:32:09.200Z,43.7438119,-110.7597249,2718.776,-5.77,48.55,23,0.862,1.086,0.27,96.77761,0.005,,16
2021-08-07T18:32:09.400Z,43.743801,-110.7596048,2714.156,-6.37,48.4,22.87,0.86,1.081,0.27,97.49769,0.00501,,16
2021-08-07T18:32:09.600Z,43.743789,-110.7594847,2709.549,-7.05,48.39,22.9,0.858,1.074,0.28,98.28917,0.00519,,16
2021-08-07T18:32:09.800Z,43.7437757,-110.7593651,2704.947,-7.57,48.1,23,0.857,1.067,0.27,98.94388,0.00501,,16
2021-08-07T18:32:10.000Z,43.7437613,-110.7592458,2700.365,-8.15,48.03,23.11,0.855,1.06,0.27,99.63054,0.00501,,16
2021-08-07T18:32:10.200Z,43.7437458,-110.7591269,2695.792,-8.98,47.79,22.73,0.853,1.054,0.28,100.64209,0.00522,,16
2021-08-07T18:32:10.400Z,43.7437288,-110.7590085,2691.266,-9.86,47.61,22.59,0.852,1.048,0.28,101.70051,0.00522,,16
2021-08-07T18:32:10.600Z,43.7437105,-110.7588907,2686.735,-10.48,47.4,22.58,0.85,1.042,0.28,102.46736,0.00523,,16
2021-08-07T18:32:10.800Z,43.7436911,-110.7587732,2682.204,-11.15,47.28,22.66,0.849,1.037,0.28,103.26956,0.00522,,16
2021-08-07T18:32:11.000Z,43.7436708,-110.758656,2677.679,-11.46,47.18,22.54,0.848,1.032,0.28,103.65271,0.00523,,16
2021-08-07T18:32:11.200Z,43.7436498,-110.758539,2673.157,-11.86,47.11,22.33,0.847,1.03,0.27,104.13064,0.00505,,16
2021-08-07T18:32:11.400Z,43.7436283,-110.7584221,2668.663,-11.99,47.04,22.49,0.847,1.029,0.27,104.2996,0.00505,,16
2021-08-07T18:32:11.600Z,43.7436066,-110.7583055,2664.128,-12.09,46.88,22.77,0.847,1.029,0.26,104.46105,0.00486,,16
2021-08-07T18:32:11.800Z,43.7435851,-110.7581891,2659.574,-11.82,46.88,22.73,0.847,1.03,0.27,104.15121,0.00505,,16
2021-08-07T18:32:12.000Z,43.7435642,-110.7580726,2655.03,-11.44,46.94,22.57,0.848,1.033,0.25,103.69684,0.00469,,16
2021-08-07T18:32:12.200Z,43.743544,-110.7579559,2650.502,-10.96,47.02,22.48,0.848,1.036,0.24,103.12092,0.00451,,16
2021-08-07T18:32:12.400Z,43.7435248,-110.757839,2646.002,-10.38,47.06,22.44,0.848,1.039,0.25,102.43854,0.0047,,16
2021-08-07T18:32:12.600Z,43.7435066,-110.757722,2641.518,-9.8,47.18,22.43,0.854,1.049,0.43,101.73434,0.00809,,16
2021-08-07T18:32:12.800Z,43.7434896,-110.7576048,2637.038,-9.16,47.28,22.35,0.866,1.061,0.42,100.96461,0.00791,,16
2021-08-07T18:32:13.000Z,43.7434739,-110.7574871,2632.565,-8.41,47.44,22.23,0.87,1.065,0.24,100.05276,0.00452,,16
2021-08-07T18:32:13.200Z,43.7434595,-110.7573692,2628.105,-7.63,47.49,22.08,0.868,1.067,0.24,99.12745,0.00453,,16
2021-08-07T18:32:13.400Z,43.7434466,-110.7572513,2623.679,-6.83,47.5,21.8,0.869,1.072,0.26,98.18245,0.00493,,16
2021-08-07T18:32:13.600Z,43.7434351,-110.7571332,2619.262,-6.05,47.63,21.86,0.87,1.077,0.26,97.23899,0.00493,,16
2021-08-07T18:32:13.800Z,43.7434251,-110.7570149,2614.817,-5.23,47.71,21.95,0.871,1.082,0.26,96.25582,0.00493,,16
2021-08-07T18:32:14.000Z,43.7434168,-110.7568964,2610.443,-4.12,47.79,21.68,0.873,1.087,0.26,94.92732,0.00494,,16
2021-08-07T18:32:14.200Z,43.7434105,-110.7567779,2606.08,-3.02,47.77,21.67,0.873,1.09,0.25,93.6174,0.00476,,16
2021-08-07T18:32:14.400Z,43.7434065,-110.7566595,2601.668,-1.73,47.78,21.98,0.873,1.094,0.25,92.07364,0.00475,,16
2021-08-07T18:32:14.600Z,43.7434047,-110.7565411,2597.193,-0.57,47.72,22.25,0.873,1.097,0.25,90.68435,0.00475,,16
2021-08-07T18:32:14.800Z,43.743405,-110.7564228,2592.67,0.71,47.66,22.67,0.874,1.101,0.25,89.14652,0.00474,,16
2021-08-07T18:32:15.000Z,43.7434075,-110.7563047,2588.088,1.79,47.57,22.64,0.875,1.105,0.24,87.84505,0.00455,,16
2021-08-07T18:32:15.200Z,43.7434116,-110.7561865,2583.533,2.6,47.65,22.53,0.876,1.109,0.25,86.87678,0.00474,,16
2021-08-07T18:32:15.400Z,43.743417,-110.7560685,2579,3.08,47.54,22.36,0.876,1.112,0.23,86.29313,0.00437,,16
2021-08-07T18:32:15.600Z,43.7434231,-110.7559506,2574.459,3.46,47.51,22.32,0.876,1.116,0.23,85.83469,0.00437,,16
2021-08-07T18:32:15.800Z,43.7434299,-110.7558326,2569.957,3.88,47.58,22.4,0.876,1.12,0.24,85.33802,0.00455,,16
2021-08-07T18:32:16.000Z,43.7434373,-110.7557146,2565.466,4.17,47.53,22.19,0.876,1.123,0.23,84.98605,0.00437,,16
2021-08-07T18:32:16.200Z,43.7434452,-110.7555966,2560.982,4.27,47.64,22.08,0.876,1.126,0.23,84.87823,0.00437,,16
2021-08-07T18:32:16.400Z,43.7434532,-110.7554787,2556.51,4.45,47.4,22.36,0.877,1.13,0.24,84.63669,0.00456,,16
2021-08-07T18:32:16.600Z,43.7434615,-110.755361,2552.032,4.72,47.34,22.39,0.878,1.134,0.24,84.30618,0.00456,,16
2021-08-07T18:32:16.800Z,43.7434706,-110.7552436,2547.513,5.18,47.3,22.63,0.879,1.138,0.24,83.75023,0.00455,,16
2021-08-07T18:32:17.000Z,43.7434804,-110.7551264,2542.955,5.61,47.21,22.62,0.88,1.142,0.24,83.22328,0.00456,,16
2021-08-07T18:32:17.200Z,43.7434911,-110.7550094,2538.361,6.04,47.09,22.87,0.881,1.146,0.24,82.69086,0.00455,,16
2021-08-07T18:32:17.400Z,43.7435026,-110.7548928,2533.717,6.6,46.89,23.14,0.882,1.149,0.24,81.98797,0.00455,,16
2021-08-07T18:32:17.600Z,43.743515,-110.7547766,2529.055,7.18,46.74,23.42,0.883,1.153,0.25,81.26673,0.00474,,16
2021-08-07T18:32:17.800Z,43.7435288,-110.7546609,2524.288,7.95,46.49,23.77,0.883,1.155,0.25,80.29603,0.00473,,16
2021-08-07T18:32:18.000Z,43.7435439,-110.7545458,2519.498,8.69,46.29,23.95,0.884,1.158,0.25,79.36764,0.00473,,16
2021-08-07T18:32:18.200Z,43.7435602,-110.754431,2514.651,9.25,46.25,24.06,0.885,1.161,0.25,78.69007,0.00472,,16
2021-08-07T18:32:18.400Z,43.7435775,-110.7543168,2509.742,9.66,46.01,24.2,0.886,1.164,0.24,78.14273,0.00454,,16
2021-08-07T18:32:18.600Z,43.7435952,-110.7542027,2504.813,9.93,45.95,24.75,0.887,1.167,0.24,77.80565,0.00452,,16
2021-08-07T18:32:18.800Z,43.7436133,-110.7540891,2499.789,10.11,45.71,25.09,0.887,1.17,0.24,77.52827,0.00452,,16
2021-08-07T18:32:19.000Z,43.7436318,-110.7539755,2494.722,10.33,45.86,25.28,0.887,1.172,0.23,77.30594,0.00431,,16
2021-08-07T18:32:19.200Z,43.7436507,-110.7538616,2489.611,10.64,45.89,25.57,0.887,1.174,0.23,76.94613,0.00429,,16
2021-08-07T18:32:19.400Z,43.74367,-110.7537477,2484.476,10.77,45.95,25.55,0.886,1.175,0.23,76.80884,0.00429,,16
2021-08-07T18:32:19.600Z,43.7436893,-110.7536334,2479.391,10.73,46.07,25.48,0.886,1.178,0.24,76.88918,0.00447,,16
2021-08-07T18:32:19.800Z,43.7437085,-110.7535187,2474.263,10.59,46.33,25.51,0.886,1.18,0.24,77.12466,0.00445,,16
2021-08-07T18:32:20.000Z,43.7437275,-110.7534034,2469.153,10.43,46.59,25.39,0.887,1.184,0.24,77.38138,0.00444,,16
2021-08-07T18:32:20.200Z,43.7437458,-110.7532875,2464.11,9.87,46.77,24.93,0.888,1.187,0.24,78.08356,0.00445,,16
2021-08-07T18:32:20.400Z,43.7437632,-110.7531711,2459.129,9.48,46.94,24.78,0.889,1.19,0.24,78.58213,0.00445,,16
2021-08-07T18:32:20.600Z,43.7437801,-110.7530544,2454.125,9.23,47.12,24.7,0.891,1.193,0.25,78.91707,0.00463,,16
2021-08-07T18:32:20.800Z,43.7437966,-110.752937,2449.147,8.89,47.47,24.48,0.889,1.192,0.23,79.39273,0.00425,,16
2021-08-07T18:32:21.000Z,43.7438122,-110.7528191,2444.238,8.63,47.35,24.63,0.882,1.187,0.22,79.67066,0.00407,,16
2021-08-07T18:32:21.200Z,43.7438276,-110.7527011,2439.264,8.59,47.38,25.29,0.872,1.178,0.21,79.72389,0.00386,,16
2021-08-07T18:32:21.400Z,43.7438429,-110.7525835,2434.094,8.37,47.21,25.96,0.863,1.172,0.21,79.94633,0.00385,,16
2021-08-07T18:32:21.600Z,43.7438577,-110.752466,2428.897,8.33,47.23,26.48,0.855,1.166,0.2,79.99756,0.00365,,16
2021-08-07T18:32:21.800Z,43.7438727,-110.7523485,2423.65,8.27,47.46,25.85,0.854,1.167,0.23,80.11534,0.00421,,16
2021-08-07T18:32:22.000Z,43.7438874,-110.7522303,2418.513,8.17,47.71,25.43,0.854,1.169,0.23,80.28275,0.00421,,16
2021-08-07T18:32:22.200Z,43.7439019,-110.7521117,2413.445,7.82,47.88,24.9,0.854,1.17,0.23,80.72407,0.00422,,16
2021-08-07T18:32:22.400Z,43.7439159,-110.7519927,2408.415,7.72,48.08,24.78,0.854,1.171,0.23,80.87812,0.00421,,16
2021-08-07T18:32:22.600Z,43.7439298,-110.7518733,2403.421,7.49,48.14,24.53,0.854,1.172,0.23,81.15638,0.00422,,16
2021-08-07T18:32:22.800Z,43.743943,-110.7517537,2398.519,7.31,48.11,24.6,0.855,1.174,0.23,81.36036,0.00422,,16
2021-08-07T18:32:23.000Z,43.7439559,-110.7516341,2393.65,6.97,48.25,23.84,0.855,1.175,0.23,81.78014,0.00424,,16
2021-08-07T18:32:23.200Z,43.743968,-110.7515143,2388.853,6.49,48.4,23.72,0.856,1.175,0.24,82.36271,0.00442,,16
2021-08-07T18:32:23.400Z,43.7439793,-110.751394,2384.145,6.06,48.51,23.53,0.862,1.184,0.43,82.87934,0.00793,,16
2021-08-07T18:32:23.600Z,43.7439898,-110.7512736,2379.435,5.55,48.53,23.37,0.873,1.194,0.43,83.47587,0.00794,,16
2021-08-07T18:32:23.800Z,43.7439991,-110.7511534,2374.748,4.78,48.4,23.24,0.885,1.206,0.45,84.35974,0.00835,,16
2021-08-07T18:32:24.000Z,43.744007,-110.7510333,2370.149,4.09,48.48,22.9,0.889,1.201,0.27,85.17768,0.00502,,16
2021-08-07T18:32:24.200Z,43.7440136,-110.750913,2365.612,3.38,48.57,22.57,0.888,1.194,0.27,86.01919,0.00503,,16
2021-08-07T18:32:24.400Z,43.744019,-110.7507927,2361.124,2.77,48.4,22.45,0.886,1.188,0.27,86.72446,0.00505,,16
2021-08-07T18:32:24.600Z,43.7440235,-110.7506727,2356.653,2.43,48.34,22.41,0.884,1.182,0.25,87.12222,0.00469,,16
2021-08-07T18:32:24.800Z,43.7440273,-110.7505525,2352.307,2.04,48.51,21.54,0.879,1.176,0.22,87.59195,0.00414,,16
2021-08-07T18:32:25.000Z,43.7440303,-110.7504323,2348.232,1.4,48.5,19.31,0.873,1.169,0.22,88.34656,0.00421,,16
2021-08-07T18:32:25.200Z,43.7440323,-110.7503119,2344.57,1.03,48.51,17.61,0.867,1.163,0.21,88.78364,0.00407,,16
2021-08-07T18:32:25.400Z,43.744034,-110.7501917,2341.155,0.86,48.39,16.39,0.862,1.159,0.21,88.98183,0.00411,,16
2021-08-07T18:32:25.600Z,43.7440354,-110.7500719,2337.979,0.74,48.24,15.25,0.858,1.156,0.21,89.12115,0.00415,,16
2021-08-07T18:32:25.800Z,43.7440366,-110.7499525,2335.053,0.56,47.95,13.9,0.854,1.152,0.22,89.33088,0.00441,,16
2021-08-07T18:32:26.000Z,43.7440372,-110.7498339,2332.395,0.16,47.62,12.73,0.85,1.148,0.22,89.80749,0.00446,,16
2021-08-07T18:32:26.200Z,43.7440372,-110.7497163,2329.953,-0.09,47.19,11.75,0.846,1.143,0.23,90.10927,0.00473,,16
2021-08-07T18:32:26.400Z,43.7440367,-110.7495998,2327.665,-0.35,46.77,11.17,0.843,1.138,0.23,90.42876,0.00478,,16
2021-08-07T18:32:26.600Z,43.7440357,-110.7494841,2325.5,-0.67,46.38,10.57,0.837,1.133,0.21,90.82763,0.00441,,16
2021-08-07T18:32:26.800Z,43.7440341,-110.7493696,2323.496,-1.05,45.83,9.68,0.832,1.127,0.21,91.31246,0.00448,,16
2021-08-07T18:32:27.000Z,43.7440318,-110.7492567,2321.749,-1.3,45.19,8.34,0.827,1.121,0.21,91.6478,0.00457,,16
2021-08-07T18:32:27.200Z,43.7440291,-110.7491454,2320.291,-1.46,44.46,6.86,0.823,1.116,0.22,91.88083,0.00489,,16
2021-08-07T18:32:27.400Z,43.7440261,-110.7490365,2319.127,-1.69,43.36,5.19,0.818,1.109,0.22,92.23203,0.00503,,16
2021-08-07T18:32:27.600Z,43.7440225,-110.7489306,2318.342,-2.12,41.99,3.14,0.814,1.103,0.22,92.89031,0.00522,,16
2021-08-07T18:32:27.800Z,43.7440181,-110.7488282,2317.904,-2.63,40.52,1.52,0.811,1.098,0.22,93.71364,0.00541,,16
2021-08-07T18:32:28.000Z,43.7440132,-110.7487299,2317.734,-2.86,38.72,0.09,0.808,1.093,0.22,94.2244,0.00567,,16
2021-08-07T18:32:28.200Z,43.744008,-110.7486358,2317.863,-2.86,37.09,-1.31,0.805,1.09,0.21,94.40934,0.00564,,16
2021-08-07T18:32:28.400Z,43.7440027,-110.7485462,2318.294,-2.92,35.22,-2.74,0.803,1.086,0.2,94.73941,0.00564,,16
2021-08-07T18:32:28.600Z,43.7439972,-110.7484617,2318.996,-3.09,32.89,-4.07,0.799,1.081,0.2,95.36716,0.00601,,17
2021-08-07T18:32:28.800Z,43.7439916,-110.7483824,2319.911,-3.06,31.07,-4.86,0.795,1.076,0.19,95.62477,0.00601,,17
2021-08-07T18:32:29.000Z,43.743986,-110.7483076,2320.927,-3.07,29.26,-5.24,0.792,1.071,0.19,95.98964,0.00636,,17
2021-08-07T18:32:29.200Z,43.7439803,-110.7482371,2321.99,-3.13,27.61,-5.43,0.787,1.067,0.18,96.46771,0.00636,,17
2021-08-07T18:32:29.400Z,43.7439747,-110.7481704,2323.076,-3,26.18,-5.37,0.782,1.061,0.17,96.53708,0.00632,,17
2021-08-07T18:32:29.600Z,43.7439694,-110.748107,2324.099,-2.83,25,-5.13,0.777,1.056,0.16,96.45839,0.00623,,17
2021-08-07T18:32:29.800Z,43.7439645,-110.7480464,2325.057,-2.57,23.83,-4.68,0.772,1.051,0.16,96.1554,0.00655,,17
2021-08-07T18:32:30.000Z,43.7439597,-110.747989,2325.904,-2.7,22.35,-3.75,0.767,1.047,0.17,96.88826,0.00745,,17
2021-08-07T18:32:30.200Z,43.7439552,-110.747934,2326.546,-2.12,21.88,-2.72,0.762,1.041,0.16,95.53424,0.00722,,17
2021-08-07T18:32:30.400Z,43.7439514,-110.7478801,2326.898,-2.09,21.38,-1.19,0.758,1.037,0.17,95.5832,0.0079,,17
2021-08-07T18:32:30.600Z,43.7439479,-110.7478268,2326.941,-1.87,21.47,0.34,0.754,1.034,0.17,94.9778,0.00789,,17
2021-08-07T18:32:30.800Z,43.743945,-110.7477738,2326.733,-1.3,21.14,1.57,0.752,1.031,0.19,93.51896,0.00895,,17
2021-08-07T18:32:31.000Z,43.743942,-110.7477217,2326.296,-1.87,20.68,2.84,0.75,1.028,0.2,95.16695,0.00954,,17
2021-08-07T18:32:31.200Z,43.7439386,-110.7476703,2325.515,-1.75,20.68,4.85,0.747,1.025,0.18,94.83701,0.00845,,17
2021-08-07T18:32:31.400Z,43.7439354,-110.7476193,2324.395,-1.82,20.36,5.95,0.743,1.02,0.18,95.10815,0.00845,,17
2021-08-07T18:32:31.600Z,43.7439324,-110.7475684,2323.036,-1.58,20.51,7.27,0.739,1.015,0.19,94.40511,0.00871,,17
2021-08-07T18:32:31.800Z,43.7439293,-110.7475183,2321.465,-1.97,19.86,7.93,0.736,1.01,0.2,95.66489,0.00931,,17
2021-08-07T18:32:32.000Z,43.7439266,-110.7474714,2319.929,-0.9,17.91,7.59,0.733,1.004,0.21,92.87677,0.01078,,17
2021-08-07T18:32:32.200Z,43.7439252,-110.7474293,2318.291,-0.74,16.04,8.22,0.729,1,0.19,92.64145,0.01053,,17
2021-08-07T18:32:32.400Z,43.7439241,-110.7473957,2316.225,-0.73,11.13,11.37,0.726,0.998,0.23,93.75257,0.01444,,17
2021-08-07T18:32:32.600Z,43.743922,-110.7473661,2313.485,-1.6,12.76,15.63,0.723,1.001,0.3,97.14712,0.01482,,17
2021-08-07T18:32:32.800Z,43.74392,-110.7473335,2310.64,-0.81,13.36,12.86,0.73,1.015,0.47,93.46952,0.02532,,17
2021-08-07T18:32:33.000Z,43.74392,-110.7473052,2308.285,0.36,9.56,10.75,0.743,1.04,0.54,87.84344,0.03752,,17
2021-08-07T18:32:33.200Z,43.7439214,-110.747284,2306.35,0.92,7.58,9.35,0.755,1.071,0.55,83.07974,0.04556,,17
2021-08-07T18:32:33.400Z,43.743922,-110.747267,2304.546,-0.07,6.28,9.51,0.763,1.096,0.51,90.63862,0.04475,,17
2021-08-07T18:32:33.600Z,43.7439214,-110.7472529,2302.722,-0.29,4.97,8.82,0.762,1.104,0.43,93.33943,0.04246,,17
2021-08-07T18:32:33.800Z,43.7439205,-110.747245,2301.047,-0.67,1.49,8.39,0.76,1.116,0.47,114.21175,0.05499,,17
2021-08-07T18:32:34.000Z,43.7439194,-110.7472422,2299.461,-0.78,0.84,7.29,0.758,1.124,0.45,132.8789,0.06098,,17
2021-08-07T18:32:34.200Z,43.7439175,-110.7472396,2298.088,-1.54,1.14,6.43,0.754,1.122,0.41,143.48894,0.06111,,17
2021-08-07T18:32:34.400Z,43.7439142,-110.7472367,2296.838,-2.12,0.95,6.26,0.749,1.115,0.34,155.86222,0.05092,,17
2021-08-07T18:32:34.600Z,43.7439102,-110.747234,2295.588,-2.52,1.45,6.17,0.745,1.106,0.26,150.08401,0.03812,,17
2021-08-07T18:32:34.800Z,43.7439058,-110.7472307,2294.348,-2.55,1.46,5.98,0.74,1.095,0.25,150.20675,0.03752,,17
2021-08-07T18:32:35.000Z,43.7439009,-110.747227,2293.081,-3.02,1.59,6.47,0.734,1.08,0.25,152.23364,0.03418,,17
2021-08-07T18:32:35.200Z,43.7438951,-110.7472233,2291.777,-3.55,1.51,6.58,0.728,1.068,0.24,156.95742,0.03147,,17
2021-08-07T18:32:35.400Z,43.7438881,-110.7472196,2290.472,-4.28,1.54,6.8,0.723,1.055,0.24,160.2106,0.02934,,17
2021-08-07T18:32:35.600Z,43.7438798,-110.7472156,2289.04,-5.08,1.8,7.21,0.718,1.044,0.24,160.4892,0.02666,,17
2021-08-07T18:32:35.800Z,43.74387,-110.7472108,2287.619,-5.63,2.21,7.35,0.712,1.031,0.23,158.56801,0.02416,,17
2021-08-07T18:32:36.000Z,43.7438586,-110.7472052,2286.175,-6.81,2.25,7.25,0.707,1.018,0.23,161.71663,0.02255,,17
2021-08-07T18:32:36.200Z,43.7438455,-110.7471998,2284.901,-7.66,2.24,6.67,0.701,1.001,0.23,163.69959,0.02211,,17
2021-08-07T18:32:36.400Z,43.7438317,-110.747195,2283.61,-7.78,1.93,5.82,0.697,0.989,0.21,166.06777,0.0212,,17
2021-08-07T18:32:36.600Z,43.7438177,-110.7471898,2282.445,-8.17,2.16,5.18,0.693,0.979,0.21,165.19087,0.02119,,17
2021-08-07T18:32:36.800Z,43.7438029,-110.7471843,2281.468,-8.52,2.23,4.44,0.689,0.967,0.18,165.3326,0.01825,,17
2021-08-07T18:32:37.000Z,43.7437877,-110.7471786,2280.652,-8.69,2.18,3.82,0.684,0.956,0.17,165.91723,0.01745,,17
2021-08-07T18:32:37.200Z,43.7437719,-110.7471729,2279.979,-9.09,2.3,3.19,0.679,0.945,0.18,165.80073,0.01817,,17
2021-08-07T18:32:37.400Z,43.7437559,-110.7471681,2279.428,-8.92,1.67,2.66,0.675,0.934,0.18,169.39586,0.01903,,17
2021-08-07T18:32:37.600Z,43.7437401,-110.7471643,2278.963,-8.87,1.38,2.18,0.671,0.925,0.18,171.15678,0.01949,,17
2021-08-07T18:32:37.800Z,43.7437243,-110.7471616,2278.589,-8.79,0.87,1.91,0.668,0.915,0.19,174.3475,0.02102,,17
2021-08-07T18:32:38.000Z,43.7437088,-110.7471596,2278.155,-8.66,0.89,1.75,0.664,0.906,0.19,174.13224,0.0214,,17
2021-08-07T18:32:38.200Z,43.7436937,-110.7471583,2277.892,-8.25,0.02,1.13,0.661,0.898,0.16,179.8611,0.01921,,17
2021-08-07T18:32:38.400Z,43.7436789,-110.7471581,2277.632,-8.45,0.04,1.14,0.655,0.888,0.14,179.72878,0.01642,,17
2021-08-07T18:32:38.600Z,43.7436639,-110.7471583,2277.347,-8.5,-0.18,1.03,0.65,0.88,0.14,181.21314,0.01635,,17
2021-08-07T18:32:38.800Z,43.7436492,-110.7471592,2277.095,-8.14,-0.44,0.95,0.647,0.875,0.15,183.09406,0.01828,,17
2021-08-07T18:32:39.000Z,43.7436347,-110.7471606,2276.835,-8.07,-0.71,1.14,0.643,0.871,0.15,185.02795,0.01834,,17
2021-08-07T18:32:39.200Z,43.7436211,-110.7471625,2276.583,-7.12,-0.7,1.07,0.64,0.867,0.14,185.61497,0.01935,,17
2021-08-07T18:32:39.400Z,43.7436084,-110.7471639,2276.321,-7.03,-0.37,1,0.636,0.86,0.15,183.01279,0.0211,,17
2021-08-07T18:32:39.600Z,43.743595,-110.7471666,2276.049,-8.05,-1.71,1.61,0.633,0.854,0.16,191.99264,0.01908,,17
2021-08-07T18:32:39.800Z,43.743581,-110.74717,2275.654,-7.64,-1.18,1.94,0.629,0.847,0.14,188.77997,0.01757,,17
2021-08-07T18:32:40.000Z,43.7435681,-110.7471729,2275.268,-6.83,-1.29,1.66,0.625,0.841,0.14,190.69561,0.01959,,17
2021-08-07T18:32:40.200Z,43.743556,-110.7471757,2274.947,-6.58,-1.09,1.62,0.621,0.835,0.14,189.40583,0.0204,,17
2021-08-07T18:32:40.400Z,43.7435443,-110.7471793,2274.571,-6.47,-1.84,2.25,0.617,0.829,0.15,195.87519,0.02115,,17
2021-08-07T18:32:40.600Z,43.7435336,-110.7471833,2274.153,-5.57,-1.44,2.17,0.614,0.823,0.17,194.49518,0.02765,,17
2021-08-07T18:32:40.800Z,43.7435243,-110.7471863,2273.611,-4.93,-1.02,3.64,0.613,0.82,0.21,191.68937,0.0338,,17
2021-08-07T18:32:41.000Z,43.743514,-110.7471893,2272.907,-6.61,-1.35,3.35,0.615,0.822,0.27,191.54311,0.03585,,17
2021-08-07T18:32:41.200Z,43.7435028,-110.7471923,2272.354,-5.97,-1.01,2.26,0.62,0.829,0.26,189.60233,0.04023,,16
2021-08-07T18:32:41.400Z,43.7434924,-110.7471953,2271.846,-5.81,-1.41,2.86,0.625,0.837,0.28,193.64111,0.04225,,17
2021-08-07T18:32:41.600Z,43.7434817,-110.7471996,2271.387,-6.14,-1.8,2.09,0.629,0.844,0.24,196.33901,0.03566,,16
2021-08-07T18:32:41.800Z,43.7434703,-110.7472036,2270.795,-6.64,-1.41,3.52,0.631,0.848,0.28,191.98864,0.03662,,15
2021-08-07T18:32:42.000Z,43.7434584,-110.7472071,2270.083,-6.61,-1.44,3.71,0.634,0.846,0.27,192.28996,0.03499,,15
2021-08-07T18:32:42.200Z,43.7434463,-110.7472104,2269.328,-6.82,-1.04,3.8,0.635,0.842,0.24,188.67039,0.03047,,17
2021-08-07T18:32:42.400Z,43.743434,-110.7472126,2268.541,-6.84,-0.87,3.93,0.637,0.84,0.26,187.2487,0.03276,,17
2021-08-07T18:32:42.600Z,43.7434218,-110.7472147,2267.781,-6.87,-0.59,3.91,0.638,0.835,0.23,184.90855,0.02902,,17
2021-08-07T18:32:42.800Z,43.7434091,-110.747216,2267.003,-7.09,-0.33,3.71,0.638,0.833,0.22,182.66488,0.02747,,17
2021-08-07T18:32:43.000Z,43.7433965,-110.7472168,2266.22,-7.01,-0.26,4.32,0.637,0.828,0.22,182.12412,0.0267,,17
2021-08-07T18:32:43.200Z,43.7433839,-110.7472174,2265.341,-6.98,-0.17,4.38,0.636,0.825,0.21,181.39518,0.02548,,17
2021-08-07T18:32:43.400Z,43.7433708,-110.7472178,2264.421,-7.65,-0.17,4.96,0.636,0.82,0.21,181.27303,0.02303,,17
2021-08-07T18:32:43.600Z,43.743357,-110.747218,2263.422,-7.7,0.12,5.07,0.636,0.82,0.23,179.10715,0.02495,,17
2021-08-07T18:32:43.800Z,43.7433424,-110.7472168,2262.385,-8.45,0.53,5.61,0.637,0.82,0.24,176.411,0.02363,,17
2021-08-07T18:32:44.000Z,43.743327,-110.7472153,2261.256,-8.74,0.77,5.65,0.638,0.819,0.24,174.9652,0.023,,17
2021-08-07T18:32:44.200Z,43.7433116,-110.7472134,2260.1,-8.48,0.74,5.68,0.64,0.817,0.23,175.01277,0.02248,,17
2021-08-07T18:32:44.400Z,43.7432966,-110.7472113,2258.935,-8.41,1.12,5.57,0.641,0.815,0.22,172.41428,0.02168,,17
2021-08-07T18:32:44.600Z,43.7432808,-110.7472083,2257.808,-9.31,1.18,5.78,0.641,0.812,0.21,172.77654,0.01905,,17
2021-08-07T18:32:44.800Z,43.7432641,-110.7472052,2256.59,-9.42,1.37,5.94,0.639,0.808,0.19,171.72519,0.01693,,17
2021-08-07T18:32:45.000Z,43.7432473,-110.747202,2255.384,-9.45,1.06,5.96,0.637,0.805,0.19,173.59992,0.01693,,17
2021-08-07T18:32:45.200Z,43.7432303,-110.7471998,2254.167,-9.69,0.58,6.11,0.634,0.801,0.18,176.57462,0.01569,,17
2021-08-07T18:32:45.400Z,43.7432128,-110.7471988,2252.954,-9.79,0.16,6.13,0.632,0.8,0.17,179.06369,0.01472,,17
2021-08-07T18:32:45.600Z,43.7431952,-110.7471993,2251.741,-9.88,-0.48,6.1,0.63,0.799,0.18,182.78141,0.01549,,17
2021-08-07T18:32:45.800Z,43.7431775,-110.7472018,2250.496,-9.72,-1.6,6.53,0.629,0.799,0.2,189.34758,0.01692,,17
2021-08-07T18:32:46.000Z,43.7431602,-110.7472069,2249.118,-9.55,-2.45,7.03,0.629,0.8,0.2,194.38861,0.01652,,17
2021-08-07T18:32:46.200Z,43.7431431,-110.7472139,2247.65,-9.53,-3.25,7.78,0.629,0.8,0.21,198.83083,0.0165,,17
2021-08-07T18:32:46.400Z,43.7431264,-110.7472234,2246.047,-9.05,-4.51,8.4,0.63,0.801,0.21,206.48903,0.01598,,17
2021-08-07T18:32:46.600Z,43.7431108,-110.7472361,2244.261,-8.48,-5.74,9.34,0.632,0.802,0.21,214.09355,0.01515,,17
2021-08-07T18:32:46.800Z,43.7430963,-110.747252,2242.275,-7.81,-7.12,10.33,0.634,0.802,0.2,222.35392,0.01353,,17
2021-08-07T18:32:47.000Z,43.7430835,-110.7472713,2240.116,-6.56,-8.51,11.3,0.634,0.801,0.2,232.37289,0.01283,,17
2021-08-07T18:32:47.200Z,43.7430732,-110.7472937,2237.743,-4.99,-9.56,12.42,0.634,0.801,0.2,242.43695,0.01216,,17
2021-08-07T18:32:47.400Z,43.7430657,-110.7473179,2235.165,-3.48,-10.01,13.41,0.634,0.8,0.2,250.82987,0.0117,,17
2021-08-07T18:32:47.600Z,43.7430613,-110.7473429,2232.381,-1.51,-10.26,14.33,0.634,0.798,0.21,261.62768,0.01187,,17
2021-08-07T18:32:47.800Z,43.7430614,-110.7473685,2229.464,1.32,-10.2,15.15,0.633,0.793,0.2,277.37377,0.01092,,17
2021-08-07T18:32:48.000Z,43.7430654,-110.7473935,2226.369,2.88,-9.64,16.39,0.631,0.786,0.2,286.63379,0.0104,,17
2021-08-07T18:32:48.200Z,43.7430723,-110.7474169,2223.004,4.45,-9.06,17.3,0.63,0.781,0.21,296.15888,0.01048,,17
2021-08-07T18:32:48.400Z,43.7430816,-110.7474376,2219.51,5.78,-7.79,17.51,0.629,0.776,0.21,306.57456,0.01049,,17
2021-08-07T18:32:48.600Z,43.7430941,-110.7474546,2215.982,7.9,-5.84,17.46,0.628,0.771,0.21,323.52669,0.01048,,17
2021-08-07T18:32:48.800Z,43.7431096,-110.747467,2212.418,9.24,-4.08,18.04,0.627,0.767,0.22,336.17574,0.01064,,16
2021-08-07T18:32:49.000Z,43.7431269,-110.7474746,2208.86,9.97,-2.02,17.79,0.627,0.763,0.22,348.54647,0.01074,,16
2021-08-07T18:32:49.200Z,43.7431453,-110.7474771,2205.332,10.48,0.01,17.48,0.628,0.763,0.23,0.05467,0.01129,,16
2021-08-07T18:32:49.400Z,43.7431644,-110.7474744,2201.88,10.82,2.1,17.15,0.63,0.765,0.24,10.9837,0.01177,,16
2021-08-07T18:32:49.600Z,43.7431843,-110.7474667,2198.492,11.21,4.03,16.6,0.632,0.768,0.25,19.77353,0.01224,,16
2021-08-07T18:32:49.800Z,43.7432043,-110.7474549,2195.214,11.11,5.47,16.09,0.634,0.772,0.25,26.21329,0.01231,,16
2021-08-07T18:32:50.000Z,43.743224,-110.7474393,2192.068,10.97,6.98,15.32,0.636,0.776,0.24,32.46781,0.01194,,16
2021-08-07T18:32:50.200Z,43.7432434,-110.7474199,2189.114,10.74,8.58,14.15,0.638,0.78,0.23,38.62075,0.01166,,16
2021-08-07T18:32:50.400Z,43.7432625,-110.7473969,2186.395,10.55,9.81,13.18,0.64,0.783,0.22,42.91846,0.01127,,16
2021-08-07T18:32:50.600Z,43.7432812,-110.7473712,2183.864,10.24,10.95,11.79,0.64,0.788,0.23,46.91906,0.01206,,16
2021-08-07T18:32:50.800Z,43.7432994,-110.7473421,2181.666,10.13,12.36,10.42,0.64,0.792,0.22,50.66266,0.01153,,16
2021-08-07T18:32:51.000Z,43.7433173,-110.7473111,2179.742,9.87,12.59,8.8,0.64,0.797,0.21,51.90513,0.0115,,16
2021-08-07T18:32:51.200Z,43.7433348,-110.7472796,2178.127,9.67,12.76,7.47,0.641,0.801,0.2,52.8438,0.01132,,16
2021-08-07T18:32:51.400Z,43.7433519,-110.7472475,2176.762,9.34,13.05,5.99,0.64,0.802,0.18,54.40837,0.01051,,16
2021-08-07T18:32:51.600Z,43.7433683,-110.7472149,2175.737,8.82,13.16,4.57,0.639,0.808,0.18,56.1695,0.01092,,16
2021-08-07T18:32:51.800Z,43.7433836,-110.7471821,2174.98,8.29,13.21,3.56,0.64,0.814,0.2,57.88947,0.0125,,16
2021-08-07T18:32:52.000Z,43.7433977,-110.7471498,2174.351,7.45,12.85,2.72,0.641,0.821,0.21,59.89628,0.01391,,15
2021-08-07T18:32:52.200Z,43.7434108,-110.747119,2173.843,7.04,11.99,2.13,0.649,0.838,0.36,59.58042,0.02559,,16
2021-08-07T18:32:52.400Z,43.7434233,-110.7470898,2173.45,6.75,11.56,1.69,0.665,0.86,0.36,59.71892,0.02668,,16
2021-08-07T18:32:52.600Z,43.7434351,-110.7470621,2173.164,6.54,10.69,1.38,0.675,0.876,0.19,58.54226,0.01507,,16
2021-08-07T18:32:52.800Z,43.7434467,-110.7470358,2172.958,6.4,10.3,1.09,0.676,0.885,0.18,58.14487,0.01478,,16
2021-08-07T18:32:53.000Z,43.7434581,-110.7470112,2172.747,6.32,9.49,1.27,0.676,0.894,0.17,56.33781,0.01482,,16
2021-08-07T18:32:53.200Z,43.743469,-110.7469884,2172.526,5.99,8.89,1.25,0.676,0.9,0.17,56.02827,0.01575,,16
2021-08-07T18:32:53.400Z,43.7434794,-110.7469674,2172.319,5.76,8.08,0.88,0.676,0.906,0.16,54.51602,0.01606,,16
2021-08-07T18:32:53.600Z,43.7434899,-110.7469479,2172.048,5.72,7.59,1.16,0.676,0.914,0.17,52.99747,0.01776,,16
2021-08-07T18:32:53.800Z,43.7435002,-110.74693,2171.855,5.93,6.82,1.13,0.676,0.921,0.18,48.99299,0.01976,,16
2021-08-07T18:32:54.000Z,43.7435106,-110.746914,2171.589,5.8,6.13,1.34,0.676,0.926,0.17,46.58448,0.0199,,16
2021-08-07T18:32:54.200Z,43.7435203,-110.7468997,2171.363,5.09,5.35,1.16,0.677,0.933,0.18,46.42661,0.02408,,16
2021-08-07T18:32:54.400Z,43.7435298,-110.7468869,2171.058,5.38,4.77,1.27,0.677,0.94,0.18,41.56075,0.02465,,16
2021-08-07T18:32:54.600Z,43.7435386,-110.7468745,2170.857,4.71,5.12,1.2,0.677,0.946,0.18,47.38837,0.0255,,16
2021-08-07T18:32:54.800Z,43.7435458,-110.7468627,2170.595,3.29,4.23,1.44,0.678,0.954,0.19,52.12502,0.03424,,16
2021-08-07T18:32:55.000Z,43.7435501,-110.746855,2170.291,1.04,1.84,0.11,0.679,0.963,0.22,60.52411,0.10395,,15
2021-08-07T18:32:55.200Z,43.7435503,-110.7468514,2170.352,-0.5,0.96,-0.12,0.682,0.968,0.25,117.512,0.22956,,16
2021-08-07T18:32:55.400Z,43.743549,-110.746851,2170.401,-0.61,-0.75,0.13,0.683,0.969,0.17,230.87739,0.17428,,16
2021-08-07T18:32:55.600Z,43.7435482,-110.7468527,2170.28,-0.32,-0.76,0.46,0.684,0.976,0.19,247.16635,0.20122,,16
2021-08-07T18:32:55.800Z,43.7435466,-110.7468549,2170.128,-1.35,-1.07,0.78,0.685,0.987,0.22,218.40008,0.11634,,16
2021-08-07T18:32:56.000Z,43.7435452,-110.7468568,2169.932,-0.27,-0.47,0.47,0.687,0.997,0.25,240.12401,0.34847,,16
2021-08-07T18:32:56.200Z,43.7435449,-110.7468577,2169.78,0.09,-0.28,0.44,0.688,1.009,0.34,287.81889,0.64242,,16
2021-08-07T18:32:56.400Z,43.7435447,-110.7468583,2169.785,0.18,-0.13,0.3,0.689,1.021,0.36,324.16235,0.96455,,16
2021-08-07T18:32:56.600Z,43.7435451,-110.7468589,2169.747,0.55,-0.5,0.19,0.69,1.031,0.26,317.72631,0.33889,,16
2021-08-07T18:32:56.800Z,43.7435455,-110.74686,2169.728,0.19,-0.43,0.02,0.693,1.043,0.24,293.83874,0.51006,,16
2021-08-07T18:32:57.000Z,43.7435453,-110.7468606,2169.708,-0.21,-0.14,0.44,0.694,1.053,0.33,213.69007,0.65057,,16
2021-08-07T18:32:57.200Z,43.7435447,-110.7468608,2169.616,-0.45,-0.12,0.35,0.696,1.064,0.26,194.93142,0.44629,,16
